{
  "schema_version": "1.1.0",
  "iteration": 5,
  "task_type": "binary_classification",
  "generated_at": "2026-04-16T17:06:22.241939+00:00",
  "headline_metrics": {
    "primary": {
      "name": "val_auc_roc",
      "value": 0.83866930171278
    },
    "secondary": {
      "val_accuracy": 0.8100558659217877,
      "val_f1": 0.746268656716418,
      "val_precision": 0.7692307692307693,
      "val_recall": 0.7246376811594203
    },
    "train": {
      "train_auc_roc": 0.9177451250344189,
      "train_accuracy": 0.8693820224719101
    },
    "validation": {
      "val_auc_roc": 0.83866930171278,
      "val_accuracy": 0.8100558659217877,
      "val_f1": 0.746268656716418,
      "val_precision": 0.7692307692307693,
      "val_recall": 0.7246376811594203
    }
  },
  "overfitting_check": {
    "train_val_gap": {
      "metric": "val_auc_roc",
      "train": 0.9177451250344189,
      "val": 0.83866930171278,
      "gap": 0.079076,
      "gap_pct": 8.62
    },
    "severity": "medium",
    "learning_curve_trend": "plateau",
    "verdict": "Train/val gap: 0.0791 (8.6%) \u2014 severity: medium. Learning curve trend: plateau."
  },
  "leakage_indicators": {
    "suspiciously_high_metric": false,
    "feature_importance_anomalies": [],
    "verdict": "No leakage indicators detected."
  },
  "calibration": {
    "brier_score": 0.145872,
    "reliability_curve": {
      "bin_edges": [
        0.0,
        0.125,
        0.25,
        0.375,
        0.5,
        0.625,
        0.75,
        0.875,
        1.0
      ],
      "mean_predicted": [
        0.0902,
        0.1663,
        0.3081,
        0.4405,
        0.5439,
        0.6978,
        0.8072,
        0.9347
      ],
      "fraction_positive": [
        0.129,
        0.0667,
        0.375,
        0.4286,
        0.6316,
        0.8,
        0.7895,
        0.8824
      ],
      "bin_counts": [
        62,
        30,
        8,
        14,
        19,
        10,
        19,
        17
      ]
    }
  },
  "threshold_analysis": {
    "roc_curve": {
      "fpr": [
        0.0,
        0.0091,
        0.0091,
        0.0182,
        0.0182,
        0.0455,
        0.0455,
        0.0545,
        0.0636,
        0.0636,
        0.0727,
        0.0727,
        0.0818,
        0.1,
        0.1,
        0.1091,
        0.1091,
        0.1455,
        0.1455,
        0.1909,
        0.2,
        0.2,
        0.2091,
        0.2091,
        0.2364,
        0.3182,
        0.3182,
        0.3455,
        0.4,
        0.4,
        0.4455,
        0.4909,
        0.5091,
        0.5091,
        0.5273,
        0.5455,
        0.5636,
        0.6636,
        0.7182,
        0.7364,
        0.7909,
        0.8,
        0.8182,
        0.8364,
        0.8455,
        0.8636,
        0.9,
        0.9364,
        0.9909,
        1.0
      ],
      "tpr": [
        0.0,
        0.0,
        0.1449,
        0.1449,
        0.3188,
        0.3188,
        0.3333,
        0.4638,
        0.4638,
        0.4928,
        0.4928,
        0.6377,
        0.6377,
        0.6812,
        0.6957,
        0.6957,
        0.7246,
        0.7246,
        0.7391,
        0.7536,
        0.7536,
        0.7681,
        0.7971,
        0.8261,
        0.8261,
        0.8551,
        0.8696,
        0.8696,
        0.8696,
        0.8841,
        0.8841,
        0.8841,
        0.8841,
        0.8986,
        0.8986,
        0.8986,
        0.913,
        0.9275,
        0.9275,
        0.9275,
        0.9275,
        0.942,
        0.942,
        0.9565,
        0.9565,
        0.9565,
        0.9565,
        0.9565,
        0.9565,
        1.0
      ],
      "auc": 0.8387
    },
    "precision_recall_curve": {
      "precision": [
        0.3855,
        0.3807,
        0.3815,
        0.3882,
        0.4024,
        0.4099,
        0.4167,
        0.4267,
        0.4354,
        0.4476,
        0.4571,
        0.4672,
        0.4701,
        0.4846,
        0.4961,
        0.5082,
        0.5254,
        0.5304,
        0.5596,
        0.581,
        0.6186,
        0.6277,
        0.6484,
        0.6705,
        0.6941,
        0.7037,
        0.7051,
        0.7123,
        0.7286,
        0.7612,
        0.7812,
        0.8,
        0.8246,
        0.8333,
        0.8431,
        0.8333,
        0.8222,
        0.8293,
        0.8421,
        0.8286,
        0.8125,
        0.8462,
        0.913,
        0.8947,
        0.875,
        0.8462,
        0.9,
        0.8571,
        0.75,
        1.0
      ],
      "recall": [
        1.0,
        0.971,
        0.9565,
        0.9565,
        0.9565,
        0.9565,
        0.942,
        0.9275,
        0.9275,
        0.9275,
        0.9275,
        0.9275,
        0.913,
        0.913,
        0.913,
        0.8986,
        0.8986,
        0.8841,
        0.8841,
        0.8841,
        0.8696,
        0.8551,
        0.8551,
        0.8551,
        0.8551,
        0.8261,
        0.7971,
        0.7536,
        0.7391,
        0.7391,
        0.7246,
        0.6957,
        0.6812,
        0.6522,
        0.6232,
        0.5797,
        0.5362,
        0.4928,
        0.4638,
        0.4203,
        0.3768,
        0.3188,
        0.3043,
        0.2464,
        0.2029,
        0.1594,
        0.1304,
        0.087,
        0.0435,
        0.0
      ]
    },
    "optimal_threshold": {
      "threshold": 0.34,
      "f1": 0.7651,
      "accuracy": 0.8045,
      "precision": 0.7125,
      "recall": 0.8261
    },
    "default_threshold": {
      "threshold": 0.5,
      "f1": 0.7463,
      "accuracy": 0.8101,
      "precision": 0.7692,
      "recall": 0.7246
    },
    "threshold_delta": {
      "f1_gain": 0.0188,
      "description": "Optimal threshold 0.340 vs default 0.5: F1 improves by 0.0188"
    }
  },
  "separation_quality": {
    "ks_statistic": 0.6187,
    "ks_pvalue": 0.0,
    "discrimination_slope": 0.3931,
    "mean_prob_positive_class": 0.6201,
    "mean_prob_negative_class": 0.227,
    "histogram_overlap": 0.3069,
    "quality": "strong",
    "verdict": "Separation quality: strong. KS=0.619, discrimination slope=0.393, histogram overlap=30.69%."
  },
  "bootstrap_ci": {
    "intervals": {
      "auc_roc": {
        "mean": 0.8389,
        "std": 0.0346,
        "ci_lower": 0.766,
        "ci_upper": 0.901,
        "confidence": 0.95,
        "n_bootstrap": 1000
      },
      "accuracy": {
        "mean": 0.8109,
        "std": 0.0293,
        "ci_lower": 0.7542,
        "ci_upper": 0.8659,
        "confidence": 0.95,
        "n_bootstrap": 1000
      },
      "f1": {
        "mean": 0.7458,
        "std": 0.0424,
        "ci_lower": 0.6555,
        "ci_upper": 0.8188,
        "confidence": 0.95,
        "n_bootstrap": 1000
      }
    },
    "primary_ci": {
      "mean": 0.8389,
      "std": 0.0346,
      "ci_lower": 0.766,
      "ci_upper": 0.901,
      "confidence": 0.95,
      "n_bootstrap": 1000
    },
    "primary_metric_name": "val_auc_roc",
    "primary_point_estimate": 0.83866930171278,
    "n_samples": 179,
    "interpretation": "Primary metric 0.8387 has 95% CI [0.7660, 0.9010] (width=0.1350) based on 179 validation samples. Improvements smaller than 0.1350 may not be statistically meaningful."
  },
  "segment_analysis": {
    "segments": []
  },
  "error_analysis": {
    "task_type": "binary_classification",
    "confusion_matrix": {
      "tp": 50,
      "fp": 15,
      "fn": 19,
      "tn": 95
    },
    "misclassification_patterns": [
      {
        "pattern": "overall_error_rate",
        "detail": "18.99% (34/179)"
      },
      {
        "pattern": "high_confidence_errors",
        "detail": "13 errors among 113 high-confidence predictions (>80%)"
      }
    ],
    "error_rate_by_confidence": [
      {
        "confidence_bin": "0.5-0.6",
        "n": 28,
        "error_rate": 0.3571
      },
      {
        "confidence_bin": "0.6-0.7",
        "n": 15,
        "error_rate": 0.3333
      },
      {
        "confidence_bin": "0.7-0.8",