{
  "type": "logistic_regression_coefficients",
  "features": [
    "Pclass",
    "Sex",
    "Age",
    "SibSp",
    "Parch",
    "Fare",
    "has_cabin",
    "Embarked_Q",
    "Embarked_S"
  ],
  "coefficients": [
    -0.6008878429948415,
    2.523410263662234,
    -0.039500278360008974,
    -0.33475546915584764,
    -0.1748149662538562,
    0.40291563419942206,
    0.7959453054911912,
    0.3398610632817082,
    -0.2701168288697415
  ],
  "intercept": 0.055795613227836716
}