{
  "schema_version": "1.1.0",
  "iteration": 4,
  "task_type": "binary_classification",
  "generated_at": "2026-04-16T13:37:37.653177+00:00",
  "headline_metrics": {
    "primary": {
      "name": "val_auc_roc",
      "value": 0.8406455862977602
    },
    "secondary": {
      "val_accuracy": 0.776536312849162,
      "val_f1": 0.7297297297297297,
      "val_precision": 0.6835443037974683,
      "val_recall": 0.782608695652174
    },
    "train": {
      "train_auc_roc": 0.8894465443440387,
      "train_accuracy": 0.8286516853932584
    },
    "validation": {
      "val_auc_roc": 0.8406455862977602,
      "val_accuracy": 0.776536312849162,
      "val_f1": 0.7297297297297297,
      "val_precision": 0.6835443037974683,
      "val_recall": 0.782608695652174
    }
  },
  "overfitting_check": {
    "train_val_gap": {
      "metric": "val_auc_roc",
      "train": 0.8894465443440387,
      "val": 0.8406455862977602,
      "gap": 0.048801,
      "gap_pct": 5.49
    },
    "severity": "medium",
    "learning_curve_trend": "diverging",
    "verdict": "Train/val gap: 0.0488 (5.5%) \u2014 severity: medium. Learning curve trend: diverging."
  },
  "leakage_indicators": {
    "suspiciously_high_metric": false,
    "feature_importance_anomalies": [],
    "verdict": "No leakage indicators detected."
  },
  "calibration": {
    "brier_score": 0.153798,
    "reliability_curve": {
      "bin_edges": [
        0.0,
        0.125,
        0.25,
        0.375,
        0.5,
        0.625,
        0.75,
        0.875,
        1.0
      ],
      "mean_predicted": [
        0.1974,
        0.314,
        0.47,
        0.5221,
        0.6853,
        0.8056,
        0.9105
      ],
      "fraction_positive": [
        0.1159,
        0.1176,
        0.3571,
        0.4211,
        0.5556,
        0.9545,
        0.9091
      ],
      "bin_counts": [
        0,
        69,
        17,
        14,
        19,
        27,
        22,
        11
      ]
    }
  },
  "threshold_analysis": {
    "roc_curve": {
      "fpr": [
        0.0,
        0.0,
        0.0,
        0.0091,
        0.0091,
        0.0182,
        0.0182,
        0.0182,
        0.0182,
        0.0455,
        0.0636,
        0.0636,
        0.0818,
        0.0818,
        0.1273,
        0.1455,
        0.1455,
        0.1727,
        0.1909,
        0.1909,
        0.2,
        0.2091,
        0.2182,
        0.2273,
        0.2273,
        0.2364,
        0.2364,
        0.2455,
        0.2545,
        0.2545,
        0.2636,
        0.2636,
        0.3,
        0.3818,
        0.3818,
        0.5727,
        0.6636,
        0.6636,
        0.6818,
        0.6818,
        0.7091,
        0.7273,
        0.7364,
        0.7727,
        0.8091,
        0.8364,
        0.8636,
        0.9364,
        0.9909,
        1.0
      ],
      "tpr": [
        0.0,
        0.0145,
        0.1159,
        0.1159,
        0.3768,
        0.4058,
        0.4638,
        0.4928,
        0.5072,
        0.5507,
        0.5507,
        0.6377,
        0.6377,
        0.6667,
        0.6812,
        0.6812,
        0.7101,
        0.7101,
        0.7246,
        0.7536,
        0.7536,
        0.7681,
        0.7681,
        0.7826,
        0.7971,
        0.7971,
        0.8116,
        0.8261,
        0.8261,
        0.8406,
        0.8406,
        0.8551,
        0.8551,
        0.8551,
        0.8841,
        0.8841,
        0.8841,
        0.8986,
        0.8986,
        0.913,
        0.913,
        0.9275,
        0.942,
        0.942,
        0.942,
        0.942,
        0.9565,
        0.9565,
        0.971,
        1.0
      ],
      "auc": 0.8406
    },
    "precision_recall_curve": {
      "precision": [
        0.3855,
        0.3807,
        0.3952,
        0.4024,
        0.4099,
        0.4221,
        0.4392,
        0.4507,
        0.4532,
        0.4559,
        0.4586,
        0.4692,
        0.5,
        0.5169,
        0.5304,
        0.5446,
        0.5596,
        0.5755,
        0.5922,
        0.596,
        0.6146,
        0.6344,
        0.6629,
        0.6744,
        0.6747,
        0.6835,
        0.6974,
        0.7083,
        0.7246,
        0.7424,
        0.746,
        0.7797,
        0.8214,
        0.8302,
        0.86,
        0.8511,
        0.8636,
        0.875,
        0.9459,
        0.9394,
        0.9333,
        0.9615,
        0.9565,
        0.9474,
        0.9375,
        0.9231,
        0.9,
        1.0,
        1.0,
        1.0
      ],
      "recall": [
        1.0,
        0.971,
        0.9565,
        0.9565,
        0.9565,
        0.942,
        0.942,
        0.9275,
        0.913,
        0.8986,
        0.8841,
        0.8841,
        0.8841,
        0.8841,
        0.8841,
        0.8841,
        0.8841,
        0.8841,
        0.8841,
        0.8551,
        0.8551,
        0.8551,
        0.8551,
        0.8406,
        0.8116,
        0.7826,
        0.7681,
        0.7391,
        0.7246,
        0.7101,
        0.6812,
        0.6667,
        0.6667,
        0.6377,
        0.6232,
        0.5797,
        0.5507,
        0.5072,
        0.5072,
        0.4493,
        0.4058,
        0.3623,
        0.3188,
        0.2609,
        0.2174,
        0.1739,
        0.1304,
        0.1014,
        0.058,
        0.0
      ]
    },
    "optimal_threshold": {
      "threshold": 0.46,
      "f1": 0.7516,
      "accuracy": 0.7821,
      "precision": 0.6705,
      "recall": 0.8551
    },
    "default_threshold": {
      "threshold": 0.5,
      "f1": 0.7297,
      "accuracy": 0.7765,
      "precision": 0.6835,
      "recall": 0.7826
    },
    "threshold_delta": {
      "f1_gain": 0.0219,
      "description": "Optimal threshold 0.460 vs default 0.5: F1 improves by 0.0219"
    }
  },
  "separation_quality": {
    "ks_statistic": 0.5914,
    "ks_pvalue": 0.0,
    "discrimination_slope": 0.3222,
    "mean_prob_positive_class": 0.6544,
    "mean_prob_negative_class": 0.3322,
    "histogram_overlap": 0.4103,
    "quality": "strong",
    "verdict": "Separation quality: strong. KS=0.591, discrimination slope=0.322, histogram overlap=41.03%."
  },
  "bootstrap_ci": {
    "intervals": {
      "auc_roc": {
        "mean": 0.8399,
        "std": 0.0346,
        "ci_lower": 0.7662,
        "ci_upper": 0.9014,
        "confidence": 0.95,
        "n_bootstrap": 1000
      },
      "accuracy": {
        "mean": 0.7767,
        "std": 0.0306,
        "ci_lower": 0.7151,
        "ci_upper": 0.8324,
        "confidence": 0.95,
        "n_bootstrap": 1000
      },
      "f1": {
        "mean": 0.7285,
        "std": 0.0405,
        "ci_lower": 0.6461,
        "ci_upper": 0.8001,
        "confidence": 0.95,
        "n_bootstrap": 1000
      }
    },
    "primary_ci": {
      "mean": 0.8399,
      "std": 0.0346,
      "ci_lower": 0.7662,
      "ci_upper": 0.9014,
      "confidence": 0.95,
      "n_bootstrap": 1000
    },
    "primary_metric_name": "val_auc_roc",
    "primary_point_estimate": 0.8406455862977602,
    "n_samples": 179,
    "interpretation": "Primary metric 0.8406 has 95% CI [0.7662, 0.9014] (width=0.1352) based on 179 validation samples. Improvements smaller than 0.1352 may not be statistically meaningful."
  },
  "segment_analysis": {
    "segments": []
  },
  "error_analysis": {
    "task_type": "binary_classification",
    "confusion_matrix": {
      "tp": 54,
      "fp": 25,
      "fn": 15,
      "tn": 85
    },
    "misclassification_patterns": [
      {
        "pattern": "overall_error_rate",
        "detail": "22.35% (40/179)"
      },
      {
        "pattern": "high_confidence_errors",
        "detail": "8 errors among 64 high-confidence predictions (>80%)"
      }
    ],
    "error_rate_by_confidence": [
      {
        "confidence_bin": "0.5-0.6",
        "n": 33,
        "error_rate": 0.4848
      },
      {
        "confidence_bin": "0.6-0.7",
        "n": 28,
        "error_rate": 0.3571
      },
      {
        "confidence_bin": "0.7-0.8",
        "n": 54,