{
  "schema_version": "1.1.0",
  "iteration": 2,
  "task_type": "binary_classification",
  "generated_at": "2026-04-16T08:58:40.789627+00:00",
  "headline_metrics": {
    "primary": {
      "name": "val_auc_roc",
      "value": 0.8218050065876152
    },
    "secondary": {
      "val_accuracy": 0.8100558659217877,
      "val_f1": 0.75,
      "val_precision": 0.7611940298507462,
      "val_recall": 0.7391304347826086
    },
    "train": {
      "train_auc_roc": 0.9925738650112226,
      "train_accuracy": 0.9536516853932584
    },
    "validation": {
      "val_auc_roc": 0.8218050065876152,
      "val_accuracy": 0.8100558659217877,
      "val_f1": 0.75,
      "val_precision": 0.7611940298507462,
      "val_recall": 0.7391304347826086
    }
  },
  "overfitting_check": {
    "train_val_gap": {
      "metric": "val_auc_roc",
      "train": 0.9925738650112226,
      "val": 0.8218050065876152,
      "gap": 0.170769,
      "gap_pct": 17.2
    },
    "severity": "high",
    "learning_curve_trend": "diverging",
    "verdict": "Train/val gap: 0.1708 (17.2%) \u2014 severity: high. Learning curve trend: diverging."
  },
  "leakage_indicators": {
    "suspiciously_high_metric": false,
    "feature_importance_anomalies": [],
    "verdict": "No leakage indicators detected."
  },
  "calibration": {
    "brier_score": 0.157444,
    "reliability_curve": {
      "bin_edges": [
        0.0,
        0.125,
        0.25,
        0.375,
        0.5,
        0.625,
        0.75,
        0.875,
        1.0
      ],
      "mean_predicted": [
        0.0468,
        0.1962,
        0.3151,
        0.4005,
        0.5563,
        0.684,
        0.8172,
        0.9562
      ],
      "fraction_positive": [
        0.1333,
        0.25,
        0.1667,
        0.3333,
        0.5,
        0.7,
        0.7692,
        0.8333
      ],
      "bin_counts": [
        75,
        16,
        18,
        3,
        8,
        10,
        13,
        36
      ]
    }
  },
  "threshold_analysis": {
    "roc_curve": {
      "fpr": [
        0.0,
        0.0,
        0.0,
        0.0091,
        0.0182,
        0.0182,
        0.0273,
        0.0364,
        0.0455,
        0.0455,
        0.0545,
        0.0545,
        0.0545,
        0.0727,
        0.0818,
        0.0818,
        0.1,
        0.1091,
        0.1091,
        0.1273,
        0.1364,
        0.1455,
        0.1455,
        0.1545,
        0.1636,
        0.1636,
        0.2364,
        0.2364,
        0.3,
        0.3818,
        0.3818,
        0.4,
        0.5,
        0.5,
        0.5455,
        0.5545,
        0.5545,
        0.5818,
        0.6545,
        0.7091,
        0.7091,
        0.7909,
        0.9,
        0.9182,
        0.9273,
        0.9273,
        0.9545,
        0.9636,
        0.9727,
        1.0
      ],
      "tpr": [
        0.0,
        0.0145,
        0.058,
        0.1449,
        0.1449,
        0.2754,
        0.3913,
        0.3913,
        0.4058,
        0.4203,
        0.4203,
        0.4638,
        0.4783,
        0.5507,
        0.5507,
        0.6087,
        0.6377,
        0.6377,
        0.6812,
        0.6957,
        0.6957,
        0.7101,
        0.7391,
        0.7391,
        0.7536,
        0.7681,
        0.7681,
        0.7826,
        0.7826,
        0.8261,
        0.8406,
        0.8551,
        0.8551,
        0.8696,
        0.8696,
        0.8696,
        0.8986,
        0.8986,
        0.8986,
        0.913,
        0.9275,
        0.9275,
        0.942,
        0.942,
        0.9565,
        0.971,
        0.971,
        0.9855,
        0.9855,
        1.0
      ],
      "auc": 0.8218
    },
    "precision_recall_curve": {
      "precision": [
        0.3855,
        0.392,
        0.3873,
        0.3952,
        0.3988,
        0.4088,
        0.4167,
        0.4248,
        0.4295,
        0.4384,
        0.4507,
        0.4532,
        0.4632,
        0.4733,
        0.4844,
        0.5041,
        0.5,
        0.5172,
        0.5268,
        0.5413,
        0.5619,
        0.5686,
        0.5758,
        0.6,
        0.6196,
        0.625,
        0.6353,
        0.6667,
        0.726,
        0.7429,
        0.7576,
        0.7619,
        0.7966,
        0.7857,
        0.7925,
        0.8163,
        0.8261,
        0.8095,
        0.8462,
        0.8286,
        0.871,
        0.8929,
        0.875,
        0.9048,
        0.8889,
        0.8571,
        0.9091,
        0.8571,
        1.0,
        1.0
      ],
      "recall": [
        1.0,
        1.0,
        0.971,
        0.9565,
        0.942,
        0.942,
        0.942,
        0.942,
        0.9275,
        0.9275,
        0.9275,
        0.913,
        0.913,
        0.8986,
        0.8986,
        0.8986,
        0.8696,
        0.8696,
        0.8551,
        0.8551,
        0.8551,
        0.8406,
        0.8261,
        0.8261,
        0.8261,
        0.7971,
        0.7826,
        0.7826,
        0.7681,
        0.7536,
        0.7246,
        0.6957,
        0.6812,
        0.6377,
        0.6087,
        0.5797,
        0.5507,
        0.4928,
        0.4783,
        0.4203,
        0.3913,
        0.3623,
        0.3043,
        0.2754,
        0.2319,
        0.1739,
        0.1449,
        0.087,
        0.058,
        0.0
      ]
    },
    "optimal_threshold": {
      "threshold": 0.36,
      "f1": 0.7571,
      "accuracy": 0.8101,
      "precision": 0.7465,
      "recall": 0.7681
    },
    "default_threshold": {
      "threshold": 0.5,
      "f1": 0.75,
      "accuracy": 0.8101,
      "precision": 0.7612,
      "recall": 0.7391
    },
    "threshold_delta": {
      "f1_gain": 0.0071,
      "description": "Optimal threshold 0.360 vs default 0.5: F1 improves by 0.0071"
    }
  },
  "separation_quality": {
    "ks_statistic": 0.6045,
    "ks_pvalue": 0.0,
    "discrimination_slope": 0.4597,
    "mean_prob_positive_class": 0.6727,
    "mean_prob_negative_class": 0.2131,
    "histogram_overlap": 0.3881,
    "quality": "strong",
    "verdict": "Separation quality: strong. KS=0.604, discrimination slope=0.460, histogram overlap=38.81%."
  },
  "bootstrap_ci": {
    "intervals": {
      "auc_roc": {
        "mean": 0.8222,
        "std": 0.036,
        "ci_lower": 0.7463,
        "ci_upper": 0.8882,
        "confidence": 0.95,
        "n_bootstrap": 1000
      },
      "accuracy": {
        "mean": 0.8104,
        "std": 0.0297,
        "ci_lower": 0.7542,
        "ci_upper": 0.8659,
        "confidence": 0.95,
        "n_bootstrap": 1000
      },
      "f1": {
        "mean": 0.7492,
        "std": 0.0422,
        "ci_lower": 0.661,
        "ci_upper": 0.8254,
        "confidence": 0.95,
        "n_bootstrap": 1000
      }
    },
    "primary_ci": {
      "mean": 0.8222,
      "std": 0.036,
      "ci_lower": 0.7463,
      "ci_upper": 0.8882,
      "confidence": 0.95,
      "n_bootstrap": 1000
    },
    "primary_metric_name": "val_auc_roc",
    "primary_point_estimate": 0.8218050065876152,
    "n_samples": 179,
    "interpretation": "Primary metric 0.8218 has 95% CI [0.7463, 0.8882] (width=0.1419) based on 179 validation samples. Improvements smaller than 0.1419 may not be statistically meaningful."
  },
  "segment_analysis": {
    "segments": []
  },
  "error_analysis": {
    "task_type": "binary_classification",
    "confusion_matrix": {
      "tp": 51,
      "fp": 16,
      "fn": 18,
      "tn": 94
    },
    "misclassification_patterns": [
      {
        "pattern": "overall_error_rate",
        "detail": "18.99% (34/179)"
      },
      {
        "pattern": "high_confidence_errors",
        "detail": "20 errors among 128 high-confidence predictions (>80%)"
      }
    ],
    "error_rate_by_confidence": [
      {
        "confidence_bin": "0.5-0.6",
        "n": 10,
        "error_rate": 0.5
      },
      {
        "confidence_bin": "0.6-0.7",
        "n": 18,
        "error_rate": 0.1667
      },
      {
        "confidence_bin": "0.7-0.8",
        "n": 23,